Workbook

Sheet Dashboard
A1: RMF / ATO Management Dashboard
A3: Total Requirements | B3: =COUNTA(Requirements!A2:A178) -> 177 | D3: RMF Step | E3: Status | F3: Primary Artifact
A4: Requirements Complete | B4: =COUNTIF(Requirements!L2:L178,"Complete") -> 0 | D4: Prepare | E4: In Progress | F4: Boundary / Strategy
A5: Evidence Complete | B5: =COUNTIF('Evidence Tracker'!J2:J178,"Complete") -> 0 | D5: Categorize | E5: Not Started | F5: Categorization Report
A6: Open POA&M Items | B6: =COUNTIF('POAM Automation'!K2:K121,"Open") -> 100 | D6: Select | E6: Not Started | F6: Control Matrix
A7: Critical / High POA&M Open | B7: =COUNTIFS('POAM Automation'!K2:K121,"Open",'POAM Automation'!E2:E121,"Critical")+COUNTIFS('POAM Automation'!K2:K121,"Open",'POAM Automation'!E2:E121,"High") -> 50 | D7: Implement | E7: In Progress | F7: SSP / Evidence
A8: IATT Blockers | B8: =COUNTIF('POAM Automation'!M2:M121,"Yes") -> 30 | D8: Assess | E8: Not Started | F8: SAP / SAR
A9: ATO Blockers | B9: =COUNTIF('POAM Automation'!N2:N121,"Yes") -> 60 | D9: Authorize | E9: Not Started | F9: IATT / ATO Package
A10: IATT Target | B10: 2027-03-31 | D10: Monitor | E10: Not Started | F10: ConMon / POA&M
A11: ATO Target | B11: 2027-10-09
A12: Overall Readiness | B12: =IF(B8=0,"Green",IF(B8<=5,"Amber","Red")) -> Red

Sheet AO Brief
A1: Flight Test System RMF Implementation – AO Brief
A3: Mission Objective
A4: Implement a secure, testable, and evidence-driven system authorization path with two major milestones: Interim Authorization to Test (IATT) and Authorization to Operate (ATO).
A6: Authorization Strategy
A7: IATT authorizes controlled testing using an initial RMF package, defined test scope, initial control evidence, and a POA&M capturing known risk. ATO authorizes full operations after final assessment, closure or acceptance of residual findings, and activation of continuous monitoring.
A9: Decision Gates
A10: IATT Gate: boundary defined; initial System Security Plans (SSP), Security Assessment Plans (SAP), Security Assessment Reports (SAR); Information Sharing Architecture (ISA), and Interface Control Documents (ICD) drafts. These are foundational components to the Risk Management Framework (RMF) drafts, initial scans, POA&M, and risk acceptance for test scope.
A11: ATO Gate: final SSP/SAR; no unresolved critical/high findings without acceptance; ConMon active; incident response and configuration management validated; residual risk accepted.
A13: Evidence Model
A14: Every requirement is linked to controls, evidence artifacts, CDRLs, IMS activities, risks, and POA&M triggers. This supports traceability from SOO objective to AO decision package.
A16: Management Mechanism
A17: Dashboard, Evidence Tracker, POA&M Automation, IATT Gate, ATO Gate, IMS, CDRL Linkage, and Source Selection tabs provide integrated execution control.

Sheet RMF Process
A1: RMF Step | B1: Objective | C1: Key Activities | D1: Primary Artifacts | E1: IATT Contribution | F1: ATO Contribution
A2: Prepare | B2: Establish governance and authorization context | C2: Identify AO, ISSM/ISSO, boundary, roles, system mission, and cyber schedule | D2: RMF Strategy; Boundary Diagram | E2: Defines test boundary and stakeholders | F2: Defines operational authorization scope
A3: Categorize | B3: Determine information impact level | C3: Assess confidentiality, integrity, and availability impacts | D3: Security Categorization Report | E3: Confirms test environment impact assumptions | F3: Confirms operational impact baseline
A4: Select | B4: Select and tailor controls | C4: Apply baseline controls and overlays; document tailoring rationale | D4: Control Selection Matrix | E4: Identifies minimum test controls | F4: Defines full operational control set
A5: Implement | B5: Build and document controls | C5: Implement encryption, logging, access, hardening, monitoring, interfaces, and CM | D5: SSP; Evidence Artifacts | E5: Shows minimum control implementation for testing | F5: Shows full control implementation
A6: Assess | B6: Validate controls | C6: Plan and execute assessment, scans, STIG checks, and control tests | D6: SAP; SAR; Scan Results | E6: Supports IATT risk decision | F6: Supports ATO risk decision
A7: Authorize | B7: Make risk decision | C7: Assemble package, brief AO, capture conditions and residual risk | D7: IATT/ATO Decision Package | E7: AO grants IATT or conditions | F7: AO grants ATO or conditional ATO
A8: Monitor | B8: Maintain authorization | C8: Operate scans, POA&M, logs, incident response, changes, and reporting | D8: ConMon Reports; POA&M | E8: Tracks IATT conditions | F8: Maintains ATO

Sheet Requirements
A1: Req ID | B1: Category | C1: RMF Step | D1: Requirement Statement | E1: Priority | F1: NIST Control(s) | G1: Verification | H1: Acceptance Criteria | I1: Evidence Artifact | J1: IATT Required | K1: ATO Required | L1: Status | M1: Linked IMS Task | N1: Linked CDRL | O1: Linked Risk | P1: POA&M Trigger
A2: FTN-001 | B2: Flight Test Network | C2: Implement | D2: The system shall provide a standalone mission network capable of supporting flight and ground test operations in connected and disconnected modes with documented configuration, authorization boundary alignment, and traceable evidence for RMF assessment. | E2: High | F2: SC-7; SC-8 | G2: Test | H2: Successful test confirms capability, data integrity checks pass, logs are retained, and results are linked to evidence artifact EV-001. | I2: EV-001 | J2: Yes | K2: Yes | L2: In Progress | M2: IMS-001 | N2: A001 | O2: R-001 | P2: =IF(L2<>"Complete","Yes","No") -> Yes
A3: FTN-002 | B3: Flight Test Network | C3: Implement | D3: The system shall ingest, time-align, and retain telemetry, sensor, range safety, and system status data from all approved sources with documented configuration, authorization boundary alignment, and traceable evidence for RMF assessment. | E3: High | F3: SC-8; SC-45 | G3: Inspect | H3: Successful inspect confirms capability, data integrity checks pass, logs are retained, and results are linked to evidence artifact EV-002. | I3: EV-002 | J3: Yes | K3: Yes | L3: In Progress | M3: IMS-002 | N3: A002 | O3: R-002 | P3: =IF(L3<>"Complete","Yes","No") -> Yes
A4: FTN-003 | B4: Flight Test Network | C4: Implement | D4: The system shall transfer post-event test data to the Authoritative Source of Truth with checksum validation and no unauthorized modification with documented configuration, authorization boundary alignment, and traceable evidence for RMF assessment. | E4: Medium | F4: SC-45; AU-2 | G4: Demonstrate | H4: Successful demonstrate confirms capability, data integrity checks pass, logs are retained, and results are linked to evidence artifact EV-003. | I4: EV-003 | J4: Yes | K4: Yes | L4: In Progress | M4: IMS-003 | N4: A003 | O4: R-003 | P4: =IF(L4<>"Complete","Yes","No") -> Yes
A5: FTN-004 | B5: Flight Test Network | C5: Implement | D5: The system shall maintain authoritative time synchronization across network nodes within mission-defined tolerance with documented configuration, authorization boundary alignment, and traceable evidence for RMF assessment. | E5: High | F5: AU-2; SI-4 | G5: Analyze | H5: Successful analyze confirms capability, data integrity checks pass, logs are retained, and results are linked to evidence artifact EV-004. | I5: EV-004 | J5: Yes | K5: Yes | L5: In Progress | M5: IMS-004 | N5: A004 | O5: R-004 | P5: =IF(L5<>"Complete","Yes","No") -> Yes
A6: FTN-005 | B6: Flight Test Network | C6: Implement | D6: The system shall support network administration, maintenance, and secure configuration of all flight test network components with documented configuration, authorization boundary alignment, and traceable evidence for RMF assessment. | E6: High | F6: SI-4; CM-2 | G6: Test | H6: Successful test confirms capability, data integrity checks pass, logs are retained, and results are linked to evidence artifact EV-005. | I6: EV-005 | J6: Yes | K6: Yes | L6: Not Started | M6: IMS-005 | N6: A005 | O6: R-005 | P6: =IF(L6<>"Complete","Yes","No") -> Yes
A7: FTN-006 | B7: Flight Test Network | C7: Implement | D7: The system shall support firmware and software distribution to approved test systems with configuration baseline traceability with documented configuration, authorization boundary alignment, and traceable evidence for RMF assessment. | E7: Medium | F7: CM-2; SC-7 | G7: Inspect | H7: Successful inspect confirms capability, data integrity checks pass, logs are retained, and results are linked to evidence artifact EV-006. | I7: EV-006 | J7: Yes | K7: Yes | L7: In Progress | M7: IMS-006 | N7: A006 | O7: R-006 | P7: =IF(L7<>"Complete","Yes","No") -> Yes
A8: FTN-007 | B8: Flight Test Network | C8: Implement | D8: The system shall provide a standalone mission network capable of supporting flight and ground test operations in connected and disconnected modes with documented configuration, authorization boundary alignment, and traceable evidence for RMF assessment. | E8: High | F8: SC-7; SC-8 | G8: Demonstrate | H8: Successful demonstrate confirms capability, data integrity checks pass, logs are retained, and results are linked to evidence artifact EV-007. | I8: EV-007 | J8: Yes | K8: Yes | L8: In Progress | M8: IMS-007 | N8: A007 | O8: R-007 | P8: =IF(L8<>"Complete","Yes","No") -> Yes
A9: FTN-008 | B9: Flight Test Network | C9: Implement | D9: The system shall ingest, time-align, and retain telemetry, sensor, range safety, and system status data from all approved sources with documented configuration, authorization boundary alignment, and traceable evidence for RMF assessment. | E9: High | F9: SC-8; SC-45 | G9: Analyze | H9: Successful analyze confirms capability, data integrity checks pass, logs are retained, and results are linked to evidence artifact EV-008. | I9: EV-008 | J9: Yes | K9: Yes | L9: In Progress | M9: IMS-008 | N9: A008 | O9: R-008 | P9: =IF(L9<>"Complete","Yes","No") -> Yes
A10: FTN-009 | B10: Flight Test Network | C10: Implement | D10: The system shall transfer post-event test data to the Authoritative Source of Truth with checksum validation and no unauthorized modification with documented configuration, authorization boundary alignment, and traceable evidence for RMF assessment. | E10: Medium | F10: SC-45; AU-2 | G10: Test | H10: Successful test confirms capability, data integrity checks pass, logs are retained, and results are linked to evidence artifact EV-009. | I10: EV-009 | J10: Yes | K10: Yes | L10: In Progress | M10: IMS-009 | N10: A009 | O10: R-009 | P10: =IF(L10<>"Complete","Yes","No") -> Yes
A11: FTN-010 | B11: Flight Test Network | C11: Implement | D11: The system shall maintain authoritative time synchronization across network nodes within mission-defined tolerance with documented configuration, authorization boundary alignment, and traceable evidence for RMF assessment. | E11: High | F11: AU-2; SI-4 | G11: Inspect | H11: Successful inspect confirms capability, data integrity checks pass, logs are retained, and results are linked to evidence artifact EV-010. | I11: EV-010 | J11: Yes | K11: Yes | L11: Not Started | M11: IMS-010 | N11: A010 | O11: R-010 | P11: =IF(L11<>"Complete","Yes","No") -> Yes
A12: FTN-011 | B12: Flight Test Network | C12: Implement | D12: The system shall support network administration, maintenance, and secure configuration of all flight test network components with documented configuration, authorization boundary alignment, and traceable evidence for RMF assessment. | E12: High | F12: SI-4; CM-2 | G12: Demonstrate | H12: Successful demonstrate confirms capability, data integrity checks pass, logs are retained, and results are linked to evidence artifact EV-011. | I12: EV-011 | J12: Yes | K12: Yes | L12: In Progress | M12: IMS-011 | N12: A011 | O12: R-011 | P12: =IF(L12<>"Complete","Yes","No") -> Yes
A13: FTN-012 | B13: Flight Test Network | C13: Implement | D13: The system shall support firmware and software distribution to approved test systems with configuration baseline traceability with documented configuration, authorization boundary alignment, and traceable evidence for RMF assessment. | E13: Medium | F13: CM-2; SC-7 | G13: Analyze | H13: Successful analyze confirms capability, data integrity checks pass, logs are retained, and results are linked to evidence artifact EV-012. | I13: EV-012 | J13: Yes | K13: Yes | L13: In Progress | M13: IMS-012 | N13: A012 | O13: R-012 | P13: =IF(L13<>"Complete","Yes","No") -> Yes
... A178: SW-018 | B178: Software Development & Delivery | C178: Implement | D178: The system shall support hardware-in-the-loop test integration with repeatable build and test evidence with documented configuration, authorization boundary alignment, and traceable evidence for RMF assessment. | E178: Medium | F178: AC-6; SA-10 | G178: Inspect | H178: Successful inspect confirms requirement behavior, interface/configuration records match the approved baseline, and no critical defects remain open. | I178: EV-177 | J178: No | K178: Yes | L178: In Progress | M178: IMS-001 | N178: A015 | O178: R-177 | P178: =IF(L178<>"Complete","Yes","No") -> Yes

Sheet RMF Controls
A1: Control ID | B1: Family | C1: Control Title | D1: Linked Requirements | E1: Implementation Owner | F1: Implementation Status | G1: Evidence Required | H1: IATT Minimum | I1: ATO Minimum | J1: Assessment Status
A2: AC-3 | B2: AC | C2: Access Enforcement | E2: ISSM / Control Owner | F2: In Progress | G2: SSP implementation statement; test evidence; configuration screenshot/log | H2: Yes | I2: Yes | J2: Pending Assessment
A3: AC-4 | B3: AC | C3: Information Flow Enforcement | E3: ISSM / Control Owner | F3: In Progress | G3: SSP implementation statement; test evidence; configuration screenshot/log | H3: Yes | I3: Yes | J3: Pending Assessment
A4: AC-6 | B4: AC | C4: Least Privilege | E4: ISSM / Control Owner | F4: In Progress | G4: SSP implementation statement; test evidence; configuration screenshot/log | H4: Yes | I4: Yes | J4: Pending Assessment
A5: AU-12 | B5: AU | C5: Audit Generation | E5: ISSM / Control Owner | F5: In Progress | G5: SSP implementation statement; test evidence; configuration screenshot/log | H5: Yes | I5: Yes | J5: Pending Assessment
A6: AU-2 | B6: AU | C6: Event Logging | E6: ISSM / Control Owner | F6: In Progress | G6: SSP implementation statement; test evidence; configuration screenshot/log | H6: Yes | I6: Yes | J6: Pending Assessment
A7: AU-6 | B7: AU | C7: Audit Record Review | E7: ISSM / Control Owner | F7: In Progress | G7: SSP implementation statement; test evidence; configuration screenshot/log | H7: Yes | I7: Yes | J7: Pending Assessment
A8: AU-9 | B8: AU | C8: Audit Protection | E8: ISSM / Control Owner | F8: In Progress | G8: SSP implementation statement; test evidence; configuration screenshot/log | H8: Yes | I8: Yes | J8: Pending Assessment
A9: CA-2 | B9: CA | C9: Control Assessments | E9: ISSM / Control Owner | F9: In Progress | G9: SSP implementation statement; test evidence; configuration screenshot/log | H9: Yes | I9: Yes | J9: Pending Assessment
A10: CA-3 | B10: CA | C10: Information Exchange | E10: ISSM / Control Owner | F10: In Progress | G10: SSP implementation statement; test evidence; configuration screenshot/log | H10: Yes | I10: Yes | J10: Pending Assessment
A11: CA-7 | B11: CA | C11: Continuous Monitoring | E11: ISSM / Control Owner | F11: In Progress | G11: SSP implementation statement; test evidence; configuration screenshot/log | H11: Yes | I11: Yes | J11: Pending Assessment
A12: CM-2 | B12: CM | C12: Baseline Configuration | E12: ISSM / Control Owner | F12: In Progress | G12: SSP implementation statement; test evidence; configuration screenshot/log | H12: As Applicable | I12: Yes | J12: Pending Assessment
A13: CM-3 | B13: CM | C13: Configuration Change Control | E13: ISSM / Control Owner | F13: In Progress | G13: SSP implementation statement; test evidence; configuration screenshot/log | H13: As Applicable | I13: Yes | J13: Pending Assessment
... A37: SI-7 | B37: SI | C37: Software/Firmware Integrity | E37: ISSM / Control Owner | F37: In Progress | G37: SSP implementation statement; test evidence; configuration screenshot/log | H37: Yes | I37: Yes | J37: Pending Assessment

Sheet Evidence Tracker
A1: Evidence ID | B1: Linked Req | C1: Linked Control(s) | D1: Artifact Name | E1: Artifact Type | F1: RMF Step | G1: Gate | H1: Owner | I1: Due Date | J1: Status | K1: Repository / Location | L1: Review Notes
A2: EV-001 | B2: FTN-001 | C2: SC-7; SC-8 | D2: FTN-001 Evidence Package | E2: Scan Result | F2: Implement | G2: IATT | H2: Assigned Owner | I2: 46164 | J2: Not Started | K2: Repository path / EV-001
A3: EV-002 | B3: FTN-002 | C3: SC-8; SC-45 | D3: FTN-002 Evidence Package | E3: STIG Checklist | F3: Implement | G3: IATT | H3: Assigned Owner | I3: 46171 | J3: Not Started | K3: Repository path / EV-002
A4: EV-003 | B4: FTN-003 | C4: SC-45; AU-2 | D4: FTN-003 Evidence Package | E4: Config Export | F4: Implement | G4: ATO | H4: Assigned Owner | I4: 46178 | J4: Not Started | K4: Repository path / EV-003
A5: EV-004 | B5: FTN-004 | C5: AU-2; SI-4 | D5: FTN-004 Evidence Package | E5: Test Report | F5: Implement | G5: IATT | H5: Assigned Owner | I5: 46185 | J5: Not Started | K5: Repository path / EV-004
A6: EV-005 | B6: FTN-005 | C6: SI-4; CM-2 | D6: FTN-005 Evidence Package | E6: Diagram | F6: Implement | G6: IATT | H6: Assigned Owner | I6: 46192 | J6: Not Started | K6: Repository path / EV-005
A7: EV-006 | B7: FTN-006 | C7: CM-2; SC-7 | D7: FTN-006 Evidence Package | E7: ISA/ICD | F7: Implement | G7: ATO | H7: Assigned Owner | I7: 46199 | J7: Not Started | K7: Repository path / EV-006
A8: EV-007 | B8: FTN-007 | C8: SC-7; SC-8 | D8: FTN-007 Evidence Package | E8: Policy/Plan | F8: Implement | G8: IATT | H8: Assigned Owner | I8: 46206 | J8: Not Started | K8: Repository path / EV-007
A9: EV-008 | B9: FTN-008 | C9: SC-8; SC-45 | D9: FTN-008 Evidence Package | E9: SSP Section | F9: Implement | G9: IATT | H9: Assigned Owner | I9: 46213 | J9: Not Started | K9: Repository path / EV-008
A10: EV-009 | B10: FTN-009 | C10: SC-45; AU-2 | D10: FTN-009 Evidence Package | E10: Scan Result | F10: Implement | G10: ATO | H10: Assigned Owner | I10: 46220 | J10: Not Started | K10: Repository path / EV-009
A11: EV-010 | B11: FTN-010 | C11: AU-2; SI-4 | D11: FTN-010 Evidence Package | E11: STIG Checklist | F11: Implement | G11: IATT | H11: Assigned Owner | I11: 46227 | J11: Not Started | K11: Repository path / EV-010
A12: EV-011 | B12: FTN-011 | C12: SI-4; CM-2 | D12: FTN-011 Evidence Package | E12: Config Export | F12: Implement | G12: IATT | H12: Assigned Owner | I12: 46234 | J12: Not Started | K12: Repository path / EV-011
A13: EV-012 | B13: FTN-012 | C13: CM-2; SC-7 | D13: FTN-012 Evidence Package | E13: Test Report | F13: Implement | G13: ATO | H13: Assigned Owner | I13: 46241 | J13: Not Started | K13: Repository path / EV-012
... A178: EV-177 | B178: SW-018 | C178: AC-6; SA-10 | D178: SW-018 Evidence Package | E178: Scan Result | F178: Implement | G178: ATO | H178: Assigned Owner | I178: 46220 | J178: Not Started | K178: Repository path / EV-177

Sheet POAM Automation
A1: POA&M ID | B1: Linked Req | C1: Control ID | D1: Weakness / Finding | E1: Severity | F1: Source | G1: Owner | H1: Open Date | I1: Target Closure | J1: Days Open | K1: Status | L1: Residual Risk | M1: IATT Blocker | N1: ATO Blocker
A2: POAM-001 | B2: FTN-001 | C2: SC-7 | D2: Evidence or control implementation gap for FTN-001 | E2: High | F2: Vulnerability Scan | G2: Action Owner | H2: 46144 | I2: 46174 | J2: =IF(K2="Closed",0,TODAY()-H2) -> 2 | K2: Open | L2: High | M2: =IF(AND(E2="Critical",K2<>"Closed"),"Yes","No") -> No | N2: =IF(AND(OR(E2="Critical",E2="High"),K2<>"Closed"),"Yes","No") -> Yes
A3: POAM-002 | B3: FTN-002 | C3: SC-8 | D3: Evidence or control implementation gap for FTN-002 | E3: Medium | F3: STIG Review | G3: Action Owner | H3: 46145 | I3: 46205 | J3: =IF(K3="Closed",0,TODAY()-H3) -> 1 | K3: Open | L3: Medium | M3: =IF(AND(E3="Critical",K3<>"Closed"),"Yes","No") -> No | N3: =IF(AND(OR(E3="Critical",E3="High"),K3<>"Closed"),"Yes","No") -> No
A4: POAM-003 | B4: FTN-003 | C4: SC-45 | D4: Evidence or control implementation gap for FTN-003 | E4: Low | F4: Design Review | G4: Action Owner | H4: 46146 | I4: 46236 | J4: =IF(K4="Closed",0,TODAY()-H4) -> 0 | K4: Open | L4: Medium | M4: =IF(AND(E4="Critical",K4<>"Closed"),"Yes","No") -> No | N4: =IF(AND(OR(E4="Critical",E4="High"),K4<>"Closed"),"Yes","No") -> No
A5: POAM-004 | B5: FTN-004 | C5: AU-2 | D5: Evidence or control implementation gap for FTN-004 | E5: Critical | F5: Test Event | G5: Action Owner | H5: 46147 | I5: 46162 | J5: =IF(K5="Closed",0,TODAY()-H5) -> -1 | K5: Open | L5: High | M5: =IF(AND(E5="Critical",K5<>"Closed"),"Yes","No") -> Yes | N5: =IF(AND(OR(E5="Critical",E5="High"),K5<>"Closed"),"Yes","No") -> Yes
A6: POAM-005 | B6: FTN-005 | C6: SI-4 | D6: Evidence or control implementation gap for FTN-005 | E6: High | F6: Assessment | G6: Action Owner | H6: 46148 | I6: 46178 | J6: =IF(K6="Closed",0,TODAY()-H6) -> -2 | K6: Open | L6: High | M6: =IF(AND(E6="Critical",K6<>"Closed"),"Yes","No") -> No | N6: =IF(AND(OR(E6="Critical",E6="High"),K6<>"Closed"),"Yes","No") -> Yes
A7: POAM-006 | B7: FTN-006 | C7: CM-2 | D7: Evidence or control implementation gap for FTN-006 | E7: Medium | F7: Vulnerability Scan | G7: Action Owner | H7: 46149 | I7: 46209 | J7: =IF(K7="Closed",0,TODAY()-H7) -> -3 | K7: Mitigated | L7: Low | M7: =IF(AND(E7="Critical",K7<>"Closed"),"Yes","No") -> No | N7: =IF(AND(OR(E7="Critical",E7="High"),K7<>"Closed"),"Yes","No") -> No
A8: POAM-007 | B8: FTN-007 | C8: SC-7 | D8: Evidence or control implementation gap for FTN-007 | E8: Low | F8: STIG Review | G8: Action Owner | H8: 46150 | I8: 46240 | J8: =IF(K8="Closed",0,TODAY()-H8) -> -4 | K8: Open | L8: Medium | M8: =IF(AND(E8="Critical",K8<>"Closed"),"Yes","No") -> No | N8: =IF(AND(OR(E8="Critical",E8="High"),K8<>"Closed"),"Yes","No") -> No
A9: POAM-008 | B9: FTN-008 | C9: SC-8 | D9: Evidence or control implementation gap for FTN-008 | E9: Critical | F9: Design Review | G9: Action Owner | H9: 46151 | I9: 46166 | J9: =IF(K9="Closed",0,TODAY()-H9) -> -5 | K9: Open | L9: High | M9: =IF(AND(E9="Critical",K9<>"Closed"),"Yes","No") -> Yes | N9: =IF(AND(OR(E9="Critical",E9="High"),K9<>"Closed"),"Yes","No") -> Yes
A10: POAM-009 | B10: FTN-009 | C10: SC-45 | D10: Evidence or control implementation gap for FTN-009 | E10: High | F10: Test Event | G10: Action Owner | H10: 46152 | I10: 46182 | J10: =IF(K10="Closed",0,TODAY()-H10) -> -6 | K10: Open | L10: High | M10: =IF(AND(E10="Critical",K10<>"Closed"),"Yes","No") -> No | N10: =IF(AND(OR(E10="Critical",E10="High"),K10<>"Closed"),"Yes","No") -> Yes
A11: POAM-010 | B11: FTN-010 | C11: AU-2 | D11: Evidence or control implementation gap for FTN-010 | E11: Medium | F11: Assessment | G11: Action Owner | H11: 46153 | I11: 46213 | J11: =IF(K11="Closed",0,TODAY()-H11) -> -7 | K11: Open | L11: Medium | M11: =IF(AND(E11="Critical",K11<>"Closed"),"Yes","No") -> No | N11: =IF(AND(OR(E11="Critical",E11="High"),K11<>"Closed"),"Yes","No") -> No
A12: POAM-011 | B12: FTN-011 | C12: SI-4 | D12: Evidence or control implementation gap for FTN-011 | E12: Low | F12: Vulnerability Scan | G12: Action Owner | H12: 46154 | I12: 46244 | J12: =IF(K12="Closed",0,TODAY()-H12) -> -8 | K12: Open | L12: Medium | M12: =IF(AND(E12="Critical",K12<>"Closed"),"Yes","No") -> No | N12: =IF(AND(OR(E12="Critical",E12="High"),K12<>"Closed"),"Yes","No") -> No
A13: POAM-012 | B13: FTN-012 | C13: CM-2 | D13: Evidence or control implementation gap for FTN-012 | E13: Critical | F13: STIG Review | G13: Action Owner | H13: 46155 | I13: 46170 | J13: =IF(K13="Closed",0,TODAY()-H13) -> -9 | K13: Mitigated | L13: Low | M13: =IF(AND(E13="Critical",K13<>"Closed"),"Yes","No") -> Yes | N13: =IF(AND(OR(E13="Critical",E13="High"),K13<>"Closed"),"Yes","No") -> Yes
... A121: POAM-120 | B121: CY-029 | C121: IR-4 | D121: Evidence or control implementation gap for CY-029 | E121: Critical | F121: Assessment | G121: Action Owner | H121: 46143 | I121: 46158 | J121: =IF(K121="Closed",0,TODAY()-H121) -> 3 | K121: Mitigated | L121: Low | M121: =IF(AND(E121="Critical",K121<>"Closed"),"Yes","No") -> Yes | N121: =IF(AND(OR(E121="Critical",E121="High"),K121<>"Closed"),"Yes","No") -> Yes

Sheet IATT Gate
A1: Gate Item | B1: Owner | C1: Entry Criteria | D1: Exit Criteria | E1: Evidence Source | F1: Status | G1: Decision Notes
A2: Boundary defined | B2: System Owner | C2: System boundary draft complete | D2: AO/stakeholder review complete | E2: System Boundary Diagram | F2: In Progress
A3: Initial SSP complete | B3: ISSM | C3: Initial controls selected | D3: SSP contains IATT minimum controls | E3: SSP | F3: In Progress
A4: Initial scan complete | B4: Cyber Lead | C4: Build available for scan | D4: Critical findings documented/mitigated | E4: Scan Results | F4: Not Started
A5: ISA/ICD drafted | B5: Interface Lead | C5: Interfaces identified | D5: Interconnections reviewed for test use | E5: ISA/ICD | F5: In Progress
A6: SAP approved | B6: SCA | C6: Assessment scope defined | D6: SAP accepted for test authorization | E6: SAP | F6: Not Started
A7: SAR draft complete | B7: SCA | C7: Assessment executed | D7: Findings documented and risk ranked | E7: SAR | F7: Not Started
A8: POA&M established | B8: ISSM | C8: Findings loaded | D8: Owners and closure dates assigned | E8: POA&M | F8: In Progress
A9: IATT decision package | B9: PM / ISSM | C9: IATT artifacts complete | D9: AO grants IATT or provides conditions | E9: Decision Package | F9: Not Started

Sheet ATO Gate
A1: Gate Item | B1: Owner | C1: Entry Criteria | D1: Exit Criteria | E1: Evidence Source | F1: Status | G1: Decision Notes
A2: Final SSP complete | B2: ISSM | C2: IATT findings addressed | D2: All operational controls documented | E2: SSP | F2: Not Started
A3: Final vulnerability scan complete | B3: Cyber Lead | C3: Production baseline configured | D3: No unresolved critical/high findings without approval | E3: Scan Results | F3: Not Started
A4: Control assessment complete | B4: SCA | C4: All controls implemented | D4: SAR completed with residual risk | E4: SAR | F4: Not Started
A5: Continuous monitoring plan complete | B5: ISSM | C5: Monitoring sources identified | D5: ConMon approved and scheduled | E5: ConMon Plan | F5: Not Started
A6: Incident response procedures validated | B6: Ops Lead | C6: IR plan drafted | D6: Tabletop/test completed | E6: IR Plan/Test Report | F6: Not Started
A7: Configuration baseline locked | B7: CM Lead | C7: Assets inventoried | D7: Baseline approved and change process active | E7: CM Plan / HW-SW List | F7: Not Started
A8: POA&M adjudicated | B8: ISSM | C8: Open findings reviewed | D8: Residual risk accepted or mitigated | E8: POA&M | F8: Not Started
A9: ATO decision package | B9: PM / ISSM | C9: All ATO artifacts complete | D9: AO grants ATO or conditional ATO | E9: Decision Package | F9: Not Started

Sheet IMS
A1: Task ID | B1: Phase | C1: Task Name | D1: Start Date | E1: Finish Date | F1: Duration Days | G1: Dependency | H1: Owner | I1: Linked CDRL | J1: Linked RMF Step | K1: Milestone
A2: IMS-001 | B2: Prepare | C2: RMF kickoff and stakeholder alignment | D2: 46143 | E2: 46157 | F2: =E2-D2 -> 14 | H2: PM / ISSM | I2: A001 | J2: Prepare | K2: RMF Start
A3: IMS-002 | B3: Prepare | C3: Define system boundary and authorization boundary | D3: 46157 | E3: 46178 | F3: =E3-D3 -> 21 | G3: IMS-001 | H3: System Owner | I3: A002 | J3: Prepare | K3: Boundary Baseline
A4: IMS-003 | B4: Categorize | C4: Security categorization and impact analysis | D4: 46178 | E4: 46192 | F4: =E4-D4 -> 14 | G4: IMS-002 | H4: ISSM | I4: A003 | J4: Categorize | K4: Categorization Complete
A5: IMS-004 | B5: Select | C5: Control baseline selection and tailoring | D5: 46192 | E5: 46220 | F5: =E5-D5 -> 28 | G5: IMS-003 | H5: ISSM / SCA | I5: A004 | J5: Select | K5: Control Baseline
A6: IMS-005 | B6: Implement | C6: Architecture and control implementation design | D6: 46220 | E6: 46269 | F6: =E6-D6 -> 49 | G6: IMS-004 | H6: Engineering Lead | I6: A005 | J6: Implement | K6: Design Complete
A7: IMS-006 | B7: Implement | C7: Network and repository build | D7: 46269 | E7: 46353 | F7: =E7-D7 -> 84 | G7: IMS-005 | H7: Engineering Lead | I7: A006 | J7: Implement | K7: Build Complete
A8: IMS-007 | B8: Implement | C8: STIG hardening and configuration baseline | D8: 46303 | E8: 46381 | F8: =E8-D8 -> 78 | G8: IMS-006 | H8: Cyber Lead | I8: A007 | J8: Implement | K8: Baseline Locked
A9: IMS-008 | B9: Assess | C9: Initial scans, evidence collection, and test assessment | D9: 46353 | E9: 46423 | F9: =E9-D9 -> 70 | G9: IMS-007 | H9: SCA / Cyber Lead | I9: A008 | J9: Assess | K9: Initial Assessment
A10: IMS-009 | B10: Authorize | C10: IATT package assembly and review | D10: 46423 | E10: 46473 | F10: =E10-D10 -> 50 | G10: IMS-008 | H10: ISSM / PM | I10: A009 | J10: Authorize | K10: IATT Review
A11: IMS-010 | B11: Authorize | C11: IATT decision milestone | D11: 46473 | E11: 46478 | F11: =E11-D11 -> 5 | G11: IMS-009 | H11: AO | I11: A010 | J11: Authorize | K11: IATT
A12: IMS-011 | B12: Implement | C12: IATT condition remediation and operational hardening | D12: 46478 | E12: 46563 | F12: =E12-D12 -> 85 | G12: IMS-010 | H12: Engineering / Cyber | I12: A011 | J12: Implement | K12: IATT Conditions Closed
A13: IMS-012 | B13: Assess | C13: Final control assessment and final scan | D13: 46563 | E13: 46623 | F13: =E13-D13 -> 60 | G13: IMS-011 | H13: SCA | I13: A012 | J13: Assess | K13: Final Assessment
A14: IMS-013 | B14: Authorize | C14: ATO package assembly and risk adjudication | D14: 46623 | E14: 46663 | F14: =E14-D14 -> 40 | G14: IMS-012 | H14: ISSM / PM | I14: A013 | J14: Authorize | K14: ATO Review
... A17: IMS-016 | B17: Monitor | C17: Recurring POA&M, scan, and artifact maintenance | D17: 46703 | E17: 46873 | F17: =E17-D17 -> 170 | G17: IMS-015 | H17: Operations / Cyber | I17: A016 | J17: Monitor | K17: Sustain Authorization

Sheet CDRL IMS Linkage
A1: CDRL ID | B1: Deliverable | C1: DID / Artifact Type | D1: Linked IMS Task | E1: RMF Step | F1: IATT / ATO | G1: Initial Due | H1: Recurring Frequency | I1: Primary Owner | J1: Acceptance / Review Criteria
A2: A001 | B2: RMF Strategy / Cybersecurity Program Plan | C2: Plan | D2: IMS-001 | E2: Prepare | F2: IATT | G2: 2026-05-15 | H2: As updated | I2: ISSM | J2: Approved RMF strategy and roles
A3: A002 | B3: System Boundary Diagram | C3: Architecture | D3: IMS-002 | E3: Prepare | F3: IATT | G3: 2026-06-05 | H3: As updated | I3: System Owner | J3: Boundary and interfaces approved
A4: A003 | B4: Security Categorization Report | C4: Analysis | D4: IMS-003 | E4: Categorize | F4: IATT | G4: 2026-06-19 | H4: As updated | I4: ISSM | J4: Impact level documented
A5: A004 | B5: Control Selection and Tailoring Matrix | C5: Matrix | D5: IMS-004 | E5: Select | F5: IATT | G5: 2026-07-17 | H5: As updated | I5: ISSM | J5: Controls selected and tailored
A6: A005 | B6: System Security Plan | C6: SSP | D6: IMS-005 | E6: Implement | F6: IATT/ATO | G6: 2026-09-04 | H6: Quarterly | I6: ISSM | J6: Implementation statements complete
A7: A006 | B7: Architecture Model / Network Diagrams | C7: Architecture | D7: IMS-006 | E7: Implement | F7: IATT/ATO | G7: 2026-11-27 | H7: As updated | I7: Engineering | J7: Topology aligns to boundary
A8: A007 | B8: Configuration Baseline and STIG Evidence | C8: Evidence | D8: IMS-007 | E8: Implement | F8: IATT/ATO | G8: 2026-12-25 | H8: Quarterly | I8: Cyber Lead | J8: Hardening evidence complete
A9: A008 | B9: Security Assessment Plan | C9: SAP | D9: IMS-008 | E9: Assess | F9: IATT | G9: 2027-02-05 | H9: As updated | I9: SCA | J9: Assessment scope accepted
A10: A009 | B10: Security Assessment Report Draft | C10: SAR | D10: IMS-009 | E10: Assess | F10: IATT | G10: 2027-03-12 | H10: As updated | I10: SCA | J10: Findings documented
A11: A010 | B11: IATT Decision Package | C11: Decision Package | D11: IMS-010 | E11: Authorize | F11: IATT | G11: 2027-03-31 | H11: One-time | I11: PM / ISSM | J11: AO decision or conditions
A12: A011 | B12: POA&M and Remediation Evidence | C12: POA&M | D12: IMS-011 | E12: Implement | F12: ATO | G12: 2027-06-25 | H12: Monthly | I12: ISSM | J12: Findings tracked to closure
... A17: A016 | B17: Updated POA&M / Risk Register | C17: POA&M/Risk | D17: IMS-016 | E17: Monitor | F17: ATO | G17: 2027-12-01 | H17: Monthly | I17: ISSM | J17: Risks current and actionable

Sheet Risk Register
A1: Risk ID | B1: Linked Req | C1: Linked Control | D1: Risk Statement | E1: Cause | F1: Impact | G1: Likelihood | H1: Risk Score | I1: Risk Level | J1: Mitigation | K1: Owner | L1: Due Date | M1: Status
A2: R-001 | B2: FTN-001 | C2: SC-7 | D2: If FTN-001 is not fully implemented, RMF evidence or mission readiness may be delayed. | E2: Incomplete implementation evidence or configuration variance | F2: 4 | G2: 3 | H2: =F2*G2 -> 12 | I2: =IF(H2>=20,"Critical",IF(H2>=12,"High",IF(H2>=6,"Medium","Low"))) -> High | J2: Assign owner, collect evidence, retest, and update POA&M until closure. | K2: Risk Owner | L2: 46195 | M2: Open
A3: R-002 | B3: FTN-002 | C3: SC-8 | D3: If FTN-002 is not fully implemented, RMF evidence or mission readiness may be delayed. | E3: Incomplete implementation evidence or configuration variance | F3: 3 | G3: 2 | H3: =F3*G3 -> 6 | I3: =IF(H3>=20,"Critical",IF(H3>=12,"High",IF(H3>=6,"Medium","Low"))) -> Medium | J3: Assign owner, collect evidence, retest, and update POA&M until closure. | K3: Risk Owner | L3: 46202 | M3: Open
A4: R-003 | B4: FTN-003 | C4: SC-45 | D4: If FTN-003 is not fully implemented, RMF evidence or mission readiness may be delayed. | E4: Incomplete implementation evidence or configuration variance | F4: 2 | G4: 5 | H4: =F4*G4 -> 10 | I4: =IF(H4>=20,"Critical",IF(H4>=12,"High",IF(H4>=6,"Medium","Low"))) -> Medium | J4: Assign owner, collect evidence, retest, and update POA&M until closure. | K4: Risk Owner | L4: 46209 | M4: Open
A5: R-004 | B5: FTN-004 | C5: AU-2 | D5: If FTN-004 is not fully implemented, RMF evidence or mission readiness may be delayed. | E5: Incomplete implementation evidence or configuration variance | F5: 5 | G5: 3 | H5: =F5*G5 -> 15 | I5: =IF(H5>=20,"Critical",IF(H5>=12,"High",IF(H5>=6,"Medium","Low"))) -> High | J5: Assign owner, collect evidence, retest, and update POA&M until closure. | K5: Risk Owner | L5: 46216 | M5: Open
A6: R-005 | B6: FTN-005 | C6: SI-4 | D6: If FTN-005 is not fully implemented, RMF evidence or mission readiness may be delayed. | E6: Incomplete implementation evidence or configuration variance | F6: 4 | G6: 4 | H6: =F6*G6 -> 16 | I6: =IF(H6>=20,"Critical",IF(H6>=12,"High",IF(H6>=6,"Medium","Low"))) -> High | J6: Assign owner, collect evidence, retest, and update POA&M until closure. | K6: Risk Owner | L6: 46223 | M6: Open
A7: R-006 | B7: FTN-006 | C7: CM-2 | D7: If FTN-006 is not fully implemented, RMF evidence or mission readiness may be delayed. | E7: Incomplete implementation evidence or configuration variance | F7: 3 | G7: 3 | H7: =F7*G7 -> 9 | I7: =IF(H7>=20,"Critical",IF(H7>=12,"High",IF(H7>=6,"Medium","Low"))) -> Medium | J7: Assign owner, collect evidence, retest, and update POA&M until closure. | K7: Risk Owner | L7: 46230 | M7: Open
A8: R-007 | B8: FTN-007 | C8: SC-7 | D8: If FTN-007 is not fully implemented, RMF evidence or mission readiness may be delayed. | E8: Incomplete implementation evidence or configuration variance | F8: 2 | G8: 2 | H8: =F8*G8 -> 4 | I8: =IF(H8>=20,"Critical",IF(H8>=12,"High",IF(H8>=6,"Medium","Low"))) -> Low | J8: Assign owner, collect evidence, retest, and update POA&M until closure. | K8: Risk Owner | L8: 46237 | M8: Mitigated
A9: R-008 | B9: FTN-008 | C9: SC-8 | D9: If FTN-008 is not fully implemented, RMF evidence or mission readiness may be delayed. | E9: Incomplete implementation evidence or configuration variance | F9: 5 | G9: 5 | H9: =F9*G9 -> 25 | I9: =IF(H9>=20,"Critical",IF(H9>=12,"High",IF(H9>=6,"Medium","Low"))) -> Critical | J9: Assign owner, collect evidence, retest, and update POA&M until closure. | K9: Risk Owner | L9: 46244 | M9: Open
A10: R-009 | B10: FTN-009 | C10: SC-45 | D10: If FTN-009 is not fully implemented, RMF evidence or mission readiness may be delayed. | E10: Incomplete implementation evidence or configuration variance | F10: 4 | G10: 3 | H10: =F10*G10 -> 12 | I10: =IF(H10>=20,"Critical",IF(H10>=12,"High",IF(H10>=6,"Medium","Low"))) -> High | J10: Assign owner, collect evidence, retest, and update POA&M until closure. | K10: Risk Owner | L10: 46251 | M10: Open
A11: R-010 | B11: FTN-010 | C11: AU-2 | D11: If FTN-010 is not fully implemented, RMF evidence or mission readiness may be delayed. | E11: Incomplete implementation evidence or configuration variance | F11: 3 | G11: 4 | H11: =F11*G11 -> 12 | I11: =IF(H11>=20,"Critical",IF(H11>=12,"High",IF(H11>=6,"Medium","Low"))) -> High | J11: Assign owner, collect evidence, retest, and update POA&M until closure. | K11: Risk Owner | L11: 46258 | M11: Open
A12: R-011 | B12: FTN-011 | C12: SI-4 | D12: If FTN-011 is not fully implemented, RMF evidence or mission readiness may be delayed. | E12: Incomplete implementation evidence or configuration variance | F12: 2 | G12: 3 | H12: =F12*G12 -> 6 | I12: =IF(H12>=20,"Critical",IF(H12>=12,"High",IF(H12>=6,"Medium","Low"))) -> Medium | J12: Assign owner, collect evidence, retest, and update POA&M until closure. | K12: Risk Owner | L12: 46265 | M12: Open
A13: R-012 | B13: FTN-012 | C13: CM-2 | D13: If FTN-012 is not fully implemented, RMF evidence or mission readiness may be delayed. | E13: Incomplete implementation evidence or configuration variance | F13: 5 | G13: 2 | H13: =F13*G13 -> 10 | I13: =IF(H13>=20,"Critical",IF(H13>=12,"High",IF(H13>=6,"Medium","Low"))) -> Medium | J13: Assign owner, collect evidence, retest, and update POA&M until closure. | K13: Risk Owner | L13: 46272 | M13: Open
... A178: R-177 | B178: SW-018 | C178: AC-6 | D178: If SW-018 is not fully implemented, RMF evidence or mission readiness may be delayed. | E178: Incomplete implementation evidence or configuration variance | F178: 4 | G178: 2 | H178: =F178*G178 -> 8 | I178: =IF(H178>=20,"Critical",IF(H178>=12,"High",IF(H178>=6,"Medium","Low"))) -> Medium | J178: Assign owner, collect evidence, retest, and update POA&M until closure. | K178: Risk Owner | L178: 46307 | M178: Open

Sheet Source Selection
A1: Offeror | B1: Technical Approach (30%) | C1: Cyber/RMF Approach (25%) | D1: IMS Realism (15%) | E1: Risk Management (15%) | F1: Cost Realism (15%) | G1: Weighted Score | H1: Risk Adjuster | I1: Final Score | J1: Notes
A2: Offeror A | B2: 4 | C2: 4 | D2: 3 | E2: 3 | F2: 4 | G2: =B2*0.3+C2*0.25+D2*0.15+E2*0.15+F2*0.15 -> 3.7 | H2: =IF(E2<3,0.85,IF(E2=3,0.95,1)) -> 0.95 | I2: =G2*H2 -> 3.515
A3: Offeror B | B3: 3 | C3: 5 | D3: 4 | E3: 4 | F3: 3 | G3: =B3*0.3+C3*0.25+D3*0.15+E3*0.15+F3*0.15 -> 3.8 | H3: =IF(E3<3,0.85,IF(E3=3,0.95,1)) -> 1 | I3: =G3*H3 -> 3.8
A4: Offeror C | B4: 5 | C4: 3 | D4: 4 | E4: 3 | F4: 4 | G4: =B4*0.3+C4*0.25+D4*0.15+E4*0.15+F4*0.15 -> 3.9 | H4: =IF(E4<3,0.85,IF(E4=3,0.95,1)) -> 0.95 | I4: =G4*H4 -> 3.705
A5: Offeror D | B5: 4 | C5: 4 | D5: 5 | E5: 5 | F5: 3 | G5: =B5*0.3+C5*0.25+D5*0.15+E5*0.15+F5*0.15 -> 4.15 | H5: =IF(E5<3,0.85,IF(E5=3,0.95,1)) -> 1 | I5: =G5*H5 -> 4.15
A6: Offeror E | B6: 3 | C6: 3 | D6: 3 | E6: 4 | F6: 5 | G6: =B6*0.3+C6*0.25+D6*0.15+E6*0.15+F6*0.15 -> 3.45 | H6: =IF(E6<3,0.85,IF(E6=3,0.95,1)) -> 1 | I6: =G6*H6 -> 3.45
A9: Scoring Scale
A10: 5 | B10: Excellent / low risk
A11: 4 | B11: Good / manageable risk
A12: 3 | B12: Acceptable / moderate risk
A13: 2 | B13: Marginal / high risk
A14: 1 | B14: Unacceptable / very high risk
A15: 0 | B15: No confidence / non-responsive

Sheet Diagrams
A1: RMF Process Flow
A2: Prepare → Categorize → Select → Implement → Assess → IATT → Remediate → Final Assess → ATO → Monitor
A4: Traceability Model
A5: SOO Objective → Requirement → NIST Control → Evidence Artifact → Assessment Finding → POA&M → IMS Task → CDRL → AO Decision
A7: Authorization Gate View
A8: IATT: Controlled test authorization with known risk and limited scope
A9: ATO: Full operational authorization with residual risk accepted and continuous monitoring active
A11: System Evidence Flow
A12: Architecture / Boundary → Control Implementation → Scans & Tests → SAR Findings → POA&M → AO Package

Sheet Data Lists
A1: Status | B1: Priority | C1: Verification | D1: RMF Step | E1: Risk Level | F1: Gate | G1: Artifact Status | H1: Finding Status
A2: Not Started | B2: High | C2: Test | D2: Prepare | E2: Low | F2: IATT | G2: Not Started | H2: Open
A3: In Progress | B3: Medium | C3: Inspect | D3: Categorize | E3: Medium | F3: ATO | G3: In Progress | H3: Mitigated
A4: Complete | B4: Low | C4: Demonstrate | D4: Select | E4: High | G4: Complete | H4: Closed
A5: Blocked | B5: Critical | C5: Analyze | D5: Implement | E5: Critical | G5: Blocked | H5: Accepted
A6: Deferred | D6: Assess | G6: Submitted
A7: Accepted | D7: Authorize | G7: Approved
D8: Monitor

Sheet Glosary
A1: Term | B1: Description | C1: Resource
A2: Broad Ocean Area (BOA) | B2: BOA will be receiving RV telemetry from a series of boats that will be utilizing SATCOM. | C2: VSFB Test Network Requirements
A3: Cyber Security Services (CSS) | B3: CSS will be in charge of all of the firewalls, taclanes, and providing the AAA services for the network. CSS will be incharge of sending the log files to the CDOC/CSOC | C3: Kevin information?
A4: Data Acquisition and Processing System (DAPS) | B4: DAPS will ingest, time‑stamp, and process telemetry, video, and sensor data from test assets, then forward the cleaned streams into the Test Support Network for real‑time monitoring and archival. | C4: Get in contact with Shannon Farrel
A5: In Silo Instrumentation (ISI) | B5: ISI will collect pressure, temperature, load, and propellant‑flow measurements from inside launch silos and push the data to the network for health monitoring and safety‑abort decision making. | C5: In SIlo Instrumentation CONOPS - Ryan DaVisio
A6: Launch Execution Network (LEN) | B6: The LEN is a network that will be built for flight test launch execution utilizing buildings 8510, 8339, and TP-01 at VSFB.
A7: Launch Support System (LSS) | B7: LSS will manage pre‑launch checklists, resource allocation, and inter‑system handshakes, publishing milestone events (e.g., “Fueling Complete”, “Countdown‑Start”) onto the network for downstream synchronization. | C7: POC contacted.
A8: Pad Launch Electronic Ground Support Equipment (PL EGSE) | B8: PL EGSE will simulate and verify vehicle avionics on the pad, streaming test results and pass/fail status into the network to be correlated with live telemetry | C8: (U)K03NN01352_FT-02_EGSE_Directive(CUI).pptx
A9: Regan Test Site (RTS) | B9: RTS will supply high‑rate radar, lidar, and optical tracking data for ground‑based tests, feeding position and attitude information into the network. | C9: VSFB Test Network Requirements
A10: Western Range Internet Protocol Network (WRIPN) | B10: WRIPN will serve as the | C10: VSFB Test Network Requirements
A11: Pacific Missile Range Facility (PMRF) | B11: PMRF will provide maritime‑range radar, telemetry stations, and video streams from Pacific‑theater tests, routing the data into the network for global situational awareness and post‑test analysis. | C11: VSFB Test Network Requirements
A12: Cyber Defense Operation Center (CDOC) | B12: The CDOC will review the log files of the systems that are connected to the LEN network.
